<?xml version="1.0" encoding="utf-8"?>
<install type="module" version="1.5.0">
	<name>Agenda - User Preferences</name>
	<author>Le Dinh Thuong</author>
	<creationDate>7/2009</creationDate>
	<copyright>(C) 2005 - 2008 Open Source Matters. All rights reserved.</copyright>
	<license>http://www.gnu.org/licenses/gpl-2.0.html GNU/GPL</license>
	<authorEmail>navaroiss@gmail.com</authorEmail>
	<authorUrl>www.joomla.org</authorUrl>
	<version>1.5.0</version>
	<description>DESCARCHIVE</description>
	<files>
		<filename module="mod_agenda_user">mod_agenda_user.php</filename>
	</files>
	<params>
	</params>
</install>
